Synthetic_Label,Human_Review_Note,Publication_Classification,Case_ID,Condition_ID,Topology,VIN_V,Ambient_Temp_C,LED_Current_High_A,LED_VF_High_V,Output_Power_W,Input_Current_A,Switch_Current_Stress_A,Inductor_Current_Stress_A,Thermal_Loss_W,Junction_Temp_C,Max_Ratio,Margin_pct,Pass_Fail_Status,Review_Status,Review_Reason
[SYNTHETIC — FOR DEMONSTRATION ONLY],Human Review Required: AI-generated outputs are decision-support artifacts only. A qualified engineer owns final review and approval.,Needs review,SYN-WCCA-001,SYN-OC-LOWLINE-HOT,Buck LED Driver,9.00,105.0,0.7420,6.592,4.891,0.6367,0.8162,0.8162,0.839,120.1,0.8007,19.93,Review,Review required,At least one stress ratio is at or above 0.80.
[SYNTHETIC — FOR DEMONSTRATION ONLY],Human Review Required: AI-generated outputs are decision-support artifacts only. A qualified engineer owns final review and approval.,Needs review,SYN-WCCA-001,SYN-OC-NOMINAL,Buck LED Driver,13.50,85.0,0.7420,6.592,4.891,0.4245,0.8162,0.8162,0.839,100.1,0.6673,33.27,Pass,Within synthetic prep limit,All calculated stress ratios are below 0.80.
[SYNTHETIC — FOR DEMONSTRATION ONLY],Human Review Required: AI-generated outputs are decision-support artifacts only. A qualified engineer owns final review and approval.,Needs review,SYN-WCCA-001,SYN-OC-HIGHLINE-HOT,Buck LED Driver,16.00,105.0,0.7420,6.592,4.891,0.3581,0.8162,0.8162,0.839,120.1,0.8007,19.93,Review,Review required,At least one stress ratio is at or above 0.80.
[SYNTHETIC — FOR DEMONSTRATION ONLY],Human Review Required: AI-generated outputs are decision-support artifacts only. A qualified engineer owns final review and approval.,Needs review,SYN-WCCA-001,SYN-OC-HIGHLOAD-HOT,Buck LED Driver,9.00,105.0,0.7791,6.592,5.136,0.6685,0.8570,0.8570,0.881,120.9,0.8057,19.43,Review,Review required,At least one stress ratio is at or above 0.80.
[SYNTHETIC — FOR DEMONSTRATION ONLY],Human Review Required: AI-generated outputs are decision-support artifacts only. A qualified engineer owns final review and approval.,Needs review,SYN-WCCA-002,SYN-OC-LOWLINE-HOT,Buck LED Driver,9.00,105.0,0.8480,8.446,7.162,0.9430,0.9328,0.9328,1.325,128.8,0.8590,14.10,Review,Review required,At least one stress ratio is at or above 0.80.
[SYNTHETIC — FOR DEMONSTRATION ONLY],Human Review Required: AI-generated outputs are decision-support artifacts only. A qualified engineer owns final review and approval.,Needs review,SYN-WCCA-002,SYN-OC-NOMINAL,Buck LED Driver,13.50,85.0,0.8480,8.446,7.162,0.6287,0.9328,0.9328,1.325,108.8,0.7256,27.44,Pass,Within synthetic prep limit,All calculated stress ratios are below 0.80.
[SYNTHETIC — FOR DEMONSTRATION ONLY],Human Review Required: AI-generated outputs are decision-support artifacts only. A qualified engineer owns final review and approval.,Needs review,SYN-WCCA-002,SYN-OC-HIGHLINE-HOT,Buck LED Driver,16.00,105.0,0.8480,8.446,7.162,0.5304,0.9328,0.9328,1.325,128.8,0.8590,14.10,Review,Review required,At least one stress ratio is at or above 0.80.
[SYNTHETIC — FOR DEMONSTRATION ONLY],Human Review Required: AI-generated outputs are decision-support artifacts only. A qualified engineer owns final review and approval.,Needs review,SYN-WCCA-002,SYN-OC-HIGHLOAD-HOT,Buck LED Driver,9.00,105.0,0.8904,8.446,7.520,0.9902,0.9794,0.9794,1.391,130.0,0.8669,13.31,Review,Review required,At least one stress ratio is at or above 0.80.
[SYNTHETIC — FOR DEMONSTRATION ONLY],Human Review Required: AI-generated outputs are decision-support artifacts only. A qualified engineer owns final review and approval.,Needs review,SYN-WCCA-003,SYN-OC-LOWLINE-HOT,Boost LED Driver,9.00,105.0,0.6360,19.240,12.237,1.6468,1.8939,1.8939,2.585,156.7,1.0446,-4.46,Fail,Over synthetic limit,At least one stress ratio exceeds 1.00.
[SYNTHETIC — FOR DEMONSTRATION ONLY],Human Review Required: AI-generated outputs are decision-support artifacts only. A qualified engineer owns final review and approval.,Needs review,SYN-WCCA-003,SYN-OC-NOMINAL,Boost LED Driver,13.50,85.0,0.6360,19.240,12.237,1.0979,1.2626,1.2626,2.585,136.7,0.9113,8.87,Review,Review required,At least one stress ratio is at or above 0.80.
[SYNTHETIC — FOR DEMONSTRATION ONLY],Human Review Required: AI-generated outputs are decision-support artifacts only. A qualified engineer owns final review and approval.,Needs review,SYN-WCCA-003,SYN-OC-HIGHLINE-HOT,Boost LED Driver,16.00,105.0,0.6360,19.240,12.237,0.9263,1.0653,1.0653,2.585,156.7,1.0446,-4.46,Fail,Over synthetic limit,At least one stress ratio exceeds 1.00.
[SYNTHETIC — FOR DEMONSTRATION ONLY],Human Review Required: AI-generated outputs are decision-support artifacts only. A qualified engineer owns final review and approval.,Needs review,SYN-WCCA-003,SYN-OC-HIGHLOAD-HOT,Boost LED Driver,9.00,105.0,0.6678,19.240,12.848,1.7292,1.9886,1.9886,2.714,159.3,1.0619,-6.19,Fail,Over synthetic limit,At least one stress ratio exceeds 1.00.
[SYNTHETIC — FOR DEMONSTRATION ONLY],Human Review Required: AI-generated outputs are decision-support artifacts only. A qualified engineer owns final review and approval.,Needs review,SYN-WCCA-004,SYN-OC-LOWLINE-HOT,SEPIC LED Driver,9.00,105.0,1.0600,13.728,14.552,2.0261,3.3947,3.3947,3.684,N/A,1.5431,-54.31,Fail,Over synthetic limit,At least one stress ratio exceeds 1.00.
[SYNTHETIC — FOR DEMONSTRATION ONLY],Human Review Required: AI-generated outputs are decision-support artifacts only. A qualified engineer owns final review and approval.,Needs review,SYN-WCCA-004,SYN-OC-NOMINAL,SEPIC LED Driver,13.50,85.0,1.0600,13.728,14.552,1.3508,2.6518,2.6518,3.684,N/A,1.2054,-20.54,Fail,Over synthetic limit,At least one stress ratio exceeds 1.00.
[SYNTHETIC — FOR DEMONSTRATION ONLY],Human Review Required: AI-generated outputs are decision-support artifacts only. A qualified engineer owns final review and approval.,Needs review,SYN-WCCA-004,SYN-OC-HIGHLINE-HOT,SEPIC LED Driver,16.00,105.0,1.0600,13.728,14.552,1.1397,2.4197,2.4197,3.684,N/A,1.0998,-9.98,Fail,Over synthetic limit,At least one stress ratio exceeds 1.00.
[SYNTHETIC — FOR DEMONSTRATION ONLY],Human Review Required: AI-generated outputs are decision-support artifacts only. A qualified engineer owns final review and approval.,Needs review,SYN-WCCA-004,SYN-OC-HIGHLOAD-HOT,SEPIC LED Driver,9.00,105.0,1.1130,13.728,15.279,2.1274,3.5645,3.5645,3.868,N/A,1.6202,-62.02,Fail,Over synthetic limit,At least one stress ratio exceeds 1.00.
[SYNTHETIC — FOR DEMONSTRATION ONLY],Human Review Required: AI-generated outputs are decision-support artifacts only. A qualified engineer owns final review and approval.,Needs review,SYN-WCCA-005,SYN-OC-LOWLINE-HOT,Linear LED Channel,9.00,105.0,0.3710,10.815,4.012,0.5944,0.3710,N/A,0.000,105.0,0.7000,30.00,Pass,Within synthetic prep limit,All calculated stress ratios are below 0.80.
[SYNTHETIC — FOR DEMONSTRATION ONLY],Human Review Required: AI-generated outputs are decision-support artifacts only. A qualified engineer owns final review and approval.,Needs review,SYN-WCCA-005,SYN-OC-NOMINAL,Linear LED Channel,13.50,85.0,0.3710,10.815,4.012,0.3963,0.3710,N/A,0.996,116.9,0.7792,22.08,Pass,Within synthetic prep limit,All calculated stress ratios are below 0.80.
[SYNTHETIC — FOR DEMONSTRATION ONLY],Human Review Required: AI-generated outputs are decision-support artifacts only. A qualified engineer owns final review and approval.,Needs review,SYN-WCCA-005,SYN-OC-HIGHLINE-HOT,Linear LED Channel,16.00,105.0,0.3710,10.815,4.012,0.3344,0.3710,N/A,1.924,166.6,1.1104,-11.04,Fail,Over synthetic limit,At least one stress ratio exceeds 1.00.
[SYNTHETIC — FOR DEMONSTRATION ONLY],Human Review Required: AI-generated outputs are decision-support artifacts only. A qualified engineer owns final review and approval.,Needs review,SYN-WCCA-005,SYN-OC-HIGHLOAD-HOT,Linear LED Channel,9.00,105.0,0.3896,10.815,4.213,0.6241,0.3896,N/A,0.000,105.0,0.7000,30.00,Pass,Within synthetic prep limit,All calculated stress ratios are below 0.80.
[SYNTHETIC — FOR DEMONSTRATION ONLY],Human Review Required: AI-generated outputs are decision-support artifacts only. A qualified engineer owns final review and approval.,Needs review,SYN-WCCA-006,SYN-OC-LOWLINE-HOT,Buck LED Driver,9.00,105.0,0.5300,12.360,6.551,0.8527,0.5830,0.5830,1.124,129.7,0.8648,13.52,Review,Review required,At least one stress ratio is at or above 0.80.
[SYNTHETIC — FOR DEMONSTRATION ONLY],Human Review Required: AI-generated outputs are decision-support artifacts only. A qualified engineer owns final review and approval.,Needs review,SYN-WCCA-006,SYN-OC-NOMINAL,Buck LED Driver,13.50,85.0,0.5300,12.360,6.551,0.5685,0.5830,0.5830,1.124,109.7,0.7314,26.86,Pass,Within synthetic prep limit,All calculated stress ratios are below 0.80.
[SYNTHETIC — FOR DEMONSTRATION ONLY],Human Review Required: AI-generated outputs are decision-support artifacts only. A qualified engineer owns final review and approval.,Needs review,SYN-WCCA-006,SYN-OC-HIGHLINE-HOT,Buck LED Driver,16.00,105.0,0.5300,12.360,6.551,0.4796,0.5830,0.5830,1.124,129.7,0.8648,13.52,Review,Review required,At least one stress ratio is at or above 0.80.
[SYNTHETIC — FOR DEMONSTRATION ONLY],Human Review Required: AI-generated outputs are decision-support artifacts only. A qualified engineer owns final review and approval.,Needs review,SYN-WCCA-006,SYN-OC-HIGHLOAD-HOT,Buck LED Driver,9.00,105.0,0.5565,12.360,6.878,0.8953,0.6122,0.6122,1.180,131.0,0.8730,12.70,Review,Review required,At least one stress ratio is at or above 0.80.
[SYNTHETIC — FOR DEMONSTRATION ONLY],Human Review Required: AI-generated outputs are decision-support artifacts only. A qualified engineer owns final review and approval.,Needs review,SYN-WCCA-007,SYN-OC-LOWLINE-HOT,Boost LED Driver,9.00,105.0,0.4770,24.000,11.448,1.5588,1.7926,1.7926,2.581,156.6,1.1204,-12.04,Fail,Over synthetic limit,At least one stress ratio exceeds 1.00.
[SYNTHETIC — FOR DEMONSTRATION ONLY],Human Review Required: AI-generated outputs are decision-support artifacts only. A qualified engineer owns final review and approval.,Needs review,SYN-WCCA-007,SYN-OC-NOMINAL,Boost LED Driver,13.50,85.0,0.4770,24.000,11.448,1.0392,1.1951,1.1951,2.581,136.6,0.9109,8.91,Review,Review required,At least one stress ratio is at or above 0.80.
[SYNTHETIC — FOR DEMONSTRATION ONLY],Human Review Required: AI-generated outputs are decision-support artifacts only. A qualified engineer owns final review and approval.,Needs review,SYN-WCCA-007,SYN-OC-HIGHLINE-HOT,Boost LED Driver,16.00,105.0,0.4770,24.000,11.448,0.8768,1.0084,1.0084,2.581,156.6,1.0442,-4.42,Fail,Over synthetic limit,At least one stress ratio exceeds 1.00.
[SYNTHETIC — FOR DEMONSTRATION ONLY],Human Review Required: AI-generated outputs are decision-support artifacts only. A qualified engineer owns final review and approval.,Needs review,SYN-WCCA-007,SYN-OC-HIGHLOAD-HOT,Boost LED Driver,9.00,105.0,0.5009,24.000,12.020,1.6368,1.8823,1.8823,2.710,159.2,1.1764,-17.64,Fail,Over synthetic limit,At least one stress ratio exceeds 1.00.
[SYNTHETIC — FOR DEMONSTRATION ONLY],Human Review Required: AI-generated outputs are decision-support artifacts only. A qualified engineer owns final review and approval.,Needs review,SYN-WCCA-008,SYN-OC-LOWLINE-HOT,SEPIC LED Driver,9.00,105.0,0.8480,15.600,13.229,1.8641,2.9833,2.9833,3.548,190.2,1.4917,-49.17,Fail,Over synthetic limit,At least one stress ratio exceeds 1.00.
[SYNTHETIC — FOR DEMONSTRATION ONLY],Human Review Required: AI-generated outputs are decision-support artifacts only. A qualified engineer owns final review and approval.,Needs review,SYN-WCCA-008,SYN-OC-NOMINAL,SEPIC LED Driver,13.50,85.0,0.8480,15.600,13.229,1.2428,2.2998,2.2998,3.548,170.2,1.1499,-14.99,Fail,Over synthetic limit,At least one stress ratio exceeds 1.00.
[SYNTHETIC — FOR DEMONSTRATION ONLY],Human Review Required: AI-generated outputs are decision-support artifacts only. A qualified engineer owns final review and approval.,Needs review,SYN-WCCA-008,SYN-OC-HIGHLINE-HOT,SEPIC LED Driver,16.00,105.0,0.8480,15.600,13.229,1.0486,2.0862,2.0862,3.548,190.2,1.0431,-4.31,Fail,Over synthetic limit,At least one stress ratio exceeds 1.00.
[SYNTHETIC — FOR DEMONSTRATION ONLY],Human Review Required: AI-generated outputs are decision-support artifacts only. A qualified engineer owns final review and approval.,Needs review,SYN-WCCA-008,SYN-OC-HIGHLOAD-HOT,SEPIC LED Driver,9.00,105.0,0.8904,15.600,13.890,1.9573,3.1325,3.1325,3.726,194.4,1.5663,-56.63,Fail,Over synthetic limit,At least one stress ratio exceeds 1.00.
[SYNTHETIC — FOR DEMONSTRATION ONLY],Human Review Required: AI-generated outputs are decision-support artifacts only. A qualified engineer owns final review and approval.,Needs review,SYN-WCCA-009,SYN-OC-LOWLINE-HOT,Buck LED Driver,9.00,105.0,0.6955,9.888,6.877,0.8851,0.7651,0.7651,1.089,125.7,0.8379,16.21,Review,Review required,At least one stress ratio is at or above 0.80.
[SYNTHETIC — FOR DEMONSTRATION ONLY],Human Review Required: AI-generated outputs are decision-support artifacts only. A qualified engineer owns final review and approval.,Needs review,SYN-WCCA-009,SYN-OC-NOMINAL,Buck LED Driver,13.50,85.0,0.6955,9.888,6.877,0.5901,0.7651,0.7651,1.089,105.7,0.7046,29.54,Pass,Within synthetic prep limit,All calculated stress ratios are below 0.80.
[SYNTHETIC — FOR DEMONSTRATION ONLY],Human Review Required: AI-generated outputs are decision-support artifacts only. A qualified engineer owns final review and approval.,Needs review,SYN-WCCA-009,SYN-OC-HIGHLINE-HOT,Buck LED Driver,16.00,105.0,0.6955,9.888,6.877,0.4979,0.7651,0.7651,1.089,125.7,0.8379,16.21,Review,Review required,At least one stress ratio is at or above 0.80.
[SYNTHETIC — FOR DEMONSTRATION ONLY],Human Review Required: AI-generated outputs are decision-support artifacts only. A qualified engineer owns final review and approval.,Needs review,SYN-WCCA-009,SYN-OC-HIGHLOAD-HOT,Buck LED Driver,9.00,105.0,0.7303,9.888,7.221,0.9294,0.8033,0.8033,1.143,126.7,0.8448,15.52,Review,Review required,At least one stress ratio is at or above 0.80.
[SYNTHETIC — FOR DEMONSTRATION ONLY],Human Review Required: AI-generated outputs are decision-support artifacts only. A qualified engineer owns final review and approval.,Needs review,SYN-WCCA-010,SYN-OC-LOWLINE-HOT,Linear LED Channel,9.00,105.0,0.1308,6.240,0.816,0.1209,0.1308,N/A,0.361,115.8,0.7722,22.78,Pass,Within synthetic prep limit,All calculated stress ratios are below 0.80.
[SYNTHETIC — FOR DEMONSTRATION ONLY],Human Review Required: AI-generated outputs are decision-support artifacts only. A qualified engineer owns final review and approval.,Needs review,SYN-WCCA-010,SYN-OC-NOMINAL,Linear LED Channel,13.50,85.0,0.1308,6.240,0.816,0.0806,0.1308,N/A,0.950,113.5,0.7566,24.34,Pass,Within synthetic prep limit,All calculated stress ratios are below 0.80.
[SYNTHETIC — FOR DEMONSTRATION ONLY],Human Review Required: AI-generated outputs are decision-support artifacts only. A qualified engineer owns final review and approval.,Needs review,SYN-WCCA-010,SYN-OC-HIGHLINE-HOT,Linear LED Channel,16.00,105.0,0.1308,6.240,0.816,0.0680,0.1308,N/A,1.277,143.3,0.9553,4.47,Review,Review required,At least one stress ratio is at or above 0.80.
[SYNTHETIC — FOR DEMONSTRATION ONLY],Human Review Required: AI-generated outputs are decision-support artifacts only. A qualified engineer owns final review and approval.,Needs review,SYN-WCCA-010,SYN-OC-HIGHLOAD-HOT,Linear LED Channel,9.00,105.0,0.1373,6.240,0.857,0.1270,0.1373,N/A,0.379,116.4,0.7758,22.42,Pass,Within synthetic prep limit,All calculated stress ratios are below 0.80.
[SYNTHETIC — FOR DEMONSTRATION ONLY],Human Review Required: AI-generated outputs are decision-support artifacts only. A qualified engineer owns final review and approval.,Needs review,SYN-WCCA-011,SYN-OC-LOWLINE-HOT,Buck LED Driver,9.00,105.0,0.5830,7.416,4.324,0.5693,0.6413,0.6413,0.800,121.0,0.8066,19.34,Review,Review required,At least one stress ratio is at or above 0.80.
[SYNTHETIC — FOR DEMONSTRATION ONLY],Human Review Required: AI-generated outputs are decision-support artifacts only. A qualified engineer owns final review and approval.,Needs review,SYN-WCCA-011,SYN-OC-NOMINAL,Buck LED Driver,13.50,85.0,0.5830,7.416,4.324,0.3795,0.6413,0.6413,0.800,101.0,0.6733,32.67,Pass,Within synthetic prep limit,All calculated stress ratios are below 0.80.
[SYNTHETIC — FOR DEMONSTRATION ONLY],Human Review Required: AI-generated outputs are decision-support artifacts only. A qualified engineer owns final review and approval.,Needs review,SYN-WCCA-011,SYN-OC-HIGHLINE-HOT,Buck LED Driver,16.00,105.0,0.5830,7.416,4.324,0.3202,0.6413,0.6413,0.800,121.0,0.8066,19.34,Review,Review required,At least one stress ratio is at or above 0.80.
[SYNTHETIC — FOR DEMONSTRATION ONLY],Human Review Required: AI-generated outputs are decision-support artifacts only. A qualified engineer owns final review and approval.,Needs review,SYN-WCCA-011,SYN-OC-HIGHLOAD-HOT,Buck LED Driver,9.00,105.0,0.6122,7.416,4.540,0.5977,0.6734,0.6734,0.840,121.8,0.8120,18.80,Review,Review required,At least one stress ratio is at or above 0.80.
[SYNTHETIC — FOR DEMONSTRATION ONLY],Human Review Required: AI-generated outputs are decision-support artifacts only. A qualified engineer owns final review and approval.,Needs review,SYN-WCCA-012,SYN-OC-LOWLINE-HOT,Linear LED Channel,9.00,105.0,0.0333,3.360,0.112,0.0178,0.0333,N/A,0.188,113.5,0.9076,9.24,Review,Review required,At least one stress ratio is at or above 0.80.
[SYNTHETIC — FOR DEMONSTRATION ONLY],Human Review Required: AI-generated outputs are decision-support artifacts only. A qualified engineer owns final review and approval.,Needs review,SYN-WCCA-012,SYN-OC-NOMINAL,Linear LED Channel,13.50,85.0,0.0333,3.360,0.112,0.0118,0.0333,N/A,0.338,100.2,0.8016,19.84,Review,Review required,At least one stress ratio is at or above 0.80.
[SYNTHETIC — FOR DEMONSTRATION ONLY],Human Review Required: AI-generated outputs are decision-support artifacts only. A qualified engineer owns final review and approval.,Needs review,SYN-WCCA-012,SYN-OC-HIGHLINE-HOT,Linear LED Channel,16.00,105.0,0.0333,3.360,0.112,0.0100,0.0333,N/A,0.421,123.9,0.9915,0.85,Review,Review required,At least one stress ratio is at or above 0.80.
[SYNTHETIC — FOR DEMONSTRATION ONLY],Human Review Required: AI-generated outputs are decision-support artifacts only. A qualified engineer owns final review and approval.,Needs review,SYN-WCCA-012,SYN-OC-HIGHLOAD-HOT,Linear LED Channel,9.00,105.0,0.0350,3.360,0.117,0.0186,0.0350,N/A,0.197,113.9,0.9110,8.90,Review,Review required,At least one stress ratio is at or above 0.80.
[SYNTHETIC — FOR DEMONSTRATION ONLY],Human Review Required: AI-generated outputs are decision-support artifacts only. A qualified engineer owns final review and approval.,Needs review,SYN-WCCA-013,SYN-OC-LOWLINE-HOT,Boost LED Driver,9.00,105.0,0.4200,16.640,6.989,0.9406,1.0817,1.0817,1.476,131.6,0.8772,12.28,Review,Review required,At least one stress ratio is at or above 0.80.
[SYNTHETIC — FOR DEMONSTRATION ONLY],Human Review Required: AI-generated outputs are decision-support artifacts only. A qualified engineer owns final review and approval.,Needs review,SYN-WCCA-013,SYN-OC-NOMINAL,Boost LED Driver,13.50,85.0,0.4200,16.640,6.989,0.6270,0.7211,0.7211,1.476,111.6,0.7438,25.62,Pass,Within synthetic prep limit,All calculated stress ratios are below 0.80.
[SYNTHETIC — FOR DEMONSTRATION ONLY],Human Review Required: AI-generated outputs are decision-support artifacts only. A qualified engineer owns final review and approval.,Needs review,SYN-WCCA-013,SYN-OC-HIGHLINE-HOT,Boost LED Driver,16.00,105.0,0.4200,16.640,6.989,0.5291,0.6084,0.6084,1.476,131.6,0.8772,12.28,Review,Review required,At least one stress ratio is at or above 0.80.
[SYNTHETIC — FOR DEMONSTRATION ONLY],Human Review Required: AI-generated outputs are decision-support artifacts only. A qualified engineer owns final review and approval.,Needs review,SYN-WCCA-013,SYN-OC-HIGHLOAD-HOT,Boost LED Driver,9.00,105.0,0.4410,16.640,7.338,0.9876,1.1357,1.1357,1.550,132.9,0.8860,11.40,Review,Review required,At least one stress ratio is at or above 0.80.
[SYNTHETIC — FOR DEMONSTRATION ONLY],Human Review Required: AI-generated outputs are decision-support artifacts only. A qualified engineer owns final review and approval.,Needs review,SYN-WCCA-014,SYN-OC-LOWLINE-HOT,SEPIC LED Driver,9.00,105.0,0.7420,20.800,15.434,2.2013,3.2377,3.2377,4.378,201.3,1.5417,-54.17,Fail,Over synthetic limit,At least one stress ratio exceeds 1.00.
[SYNTHETIC — FOR DEMONSTRATION ONLY],Human Review Required: AI-generated outputs are decision-support artifacts only. A qualified engineer owns final review and approval.,Needs review,SYN-WCCA-014,SYN-OC-NOMINAL,SEPIC LED Driver,13.50,85.0,0.7420,20.800,15.434,1.4676,2.4305,2.4305,4.378,181.3,1.2088,-20.88,Fail,Over synthetic limit,At least one stress ratio exceeds 1.00.
[SYNTHETIC — FOR DEMONSTRATION ONLY],Human Review Required: AI-generated outputs are decision-support artifacts only. A qualified engineer owns final review and approval.,Needs review,SYN-WCCA-014,SYN-OC-HIGHLINE-HOT,SEPIC LED Driver,16.00,105.0,0.7420,20.800,15.434,1.2383,2.1783,2.1783,4.378,201.3,1.3422,-34.22,Fail,Over synthetic limit,At least one stress ratio exceeds 1.00.
[SYNTHETIC — FOR DEMONSTRATION ONLY],Human Review Required: AI-generated outputs are decision-support artifacts only. A qualified engineer owns final review and approval.,Needs review,SYN-WCCA-014,SYN-OC-HIGHLOAD-HOT,SEPIC LED Driver,9.00,105.0,0.7791,20.800,16.205,2.3114,3.3996,3.3996,4.597,206.1,1.6188,-61.88,Fail,Over synthetic limit,At least one stress ratio exceeds 1.00.
[SYNTHETIC — FOR DEMONSTRATION ONLY],Human Review Required: AI-generated outputs are decision-support artifacts only. A qualified engineer owns final review and approval.,Needs review,SYN-WCCA-015,SYN-OC-LOWLINE-HOT,Buck LED Driver,9.00,105.0,0.7950,11.330,9.007,1.2122,0.8745,0.8745,1.903,152.6,1.0171,-1.71,Fail,Over synthetic limit,At least one stress ratio exceeds 1.00.
[SYNTHETIC — FOR DEMONSTRATION ONLY],Human Review Required: AI-generated outputs are decision-support artifacts only. A qualified engineer owns final review and approval.,Needs review,SYN-WCCA-015,SYN-OC-NOMINAL,Buck LED Driver,13.50,85.0,0.7950,11.330,9.007,0.8082,0.8745,0.8745,1.903,132.6,0.8838,11.62,Review,Review required,At least one stress ratio is at or above 0.80.
[SYNTHETIC — FOR DEMONSTRATION ONLY],Human Review Required: AI-generated outputs are decision-support artifacts only. A qualified engineer owns final review and approval.,Needs review,SYN-WCCA-015,SYN-OC-HIGHLINE-HOT,Buck LED Driver,16.00,105.0,0.7950,11.330,9.007,0.6819,0.8745,0.8745,1.903,152.6,1.0171,-1.71,Fail,Over synthetic limit,At least one stress ratio exceeds 1.00.
[SYNTHETIC — FOR DEMONSTRATION ONLY],Human Review Required: AI-generated outputs are decision-support artifacts only. A qualified engineer owns final review and approval.,Needs review,SYN-WCCA-015,SYN-OC-HIGHLOAD-HOT,Buck LED Driver,9.00,105.0,0.8348,11.330,9.458,1.2728,0.9182,0.9182,1.998,154.9,1.0330,-3.30,Fail,Over synthetic limit,At least one stress ratio exceeds 1.00.
